Suite/Test/Step Name,Browser,Description,Tag,Start time,End time,Duration,Status
Prawidłowy,Chrome 87.0.4280.88,,,2020-12-29 13:12:42,2020-12-29 13:13:00,"17,856s",PASSED
,,,,,,,
Test Cases/Prawidłowy plan,Chrome 87.0.4280.88,Wpisanie wszystkich danych skutkuje wygenerowaniem planu lotu,,2020-12-29 13:12:43,2020-12-29 13:13:00,"17,316s",PASSED
"openBrowser("""")",Chrome 87.0.4280.88,,,2020-12-29 13:12:43,2020-12-29 13:12:49,"5,801s",PASSED
"navigateToUrl(""https://flightplandatabase.com/planner#"")",Chrome 87.0.4280.88,,,2020-12-29 13:12:49,2020-12-29 13:12:52,"2,533s",PASSED
"setText(findTestObject(""Object Repository/Prawidłowy plan/Page_Flight Planner - Flight Plan Database/input_Destination_fromICAO""), icao_wro)",Chrome 87.0.4280.88,,,2020-12-29 13:12:52,2020-12-29 13:12:53,"1,614s",PASSED
"setText(findTestObject(""Object Repository/Prawidłowy plan/Page_Flight Planner - Flight Plan Database/input__toICAO""), ""epwa"")",Chrome 87.0.4280.88,,,2020-12-29 13:12:53,2020-12-29 13:12:55,"1,284s",PASSED
"setText(findTestObject(""Object Repository/Prawidłowy plan/Page_Flight Planner - Flight Plan Database/input_ftmin_ascentRate""), ""2300"")",Chrome 87.0.4280.88,,,2020-12-29 13:12:55,2020-12-29 13:12:56,"1,302s",PASSED
"setText(findTestObject(""Object Repository/Prawidłowy plan/Page_Flight Planner - Flight Plan Database/input_ft_cruiseAlt""), ""fl310"")",Chrome 87.0.4280.88,,,2020-12-29 13:12:56,2020-12-29 13:12:57,"0,839s",PASSED
"setText(findTestObject(""Object Repository/Prawidłowy plan/Page_Flight Planner - Flight Plan Database/input_ftmin_descentRate""), ""1500"")",Chrome 87.0.4280.88,,,2020-12-29 13:12:57,2020-12-29 13:12:57,"0,712s",PASSED
"setText(findTestObject(""Object Repository/Prawidłowy plan/Page_Flight Planner - Flight Plan Database/input_kts_ascentSpeed""), ""220"")",Chrome 87.0.4280.88,,,2020-12-29 13:12:57,2020-12-29 13:12:58,"0,811s",PASSED
"setText(findTestObject(""Object Repository/Prawidłowy plan/Page_Flight Planner - Flight Plan Database/input_kts_cruiseSpeed""), ""400"")",Chrome 87.0.4280.88,,,2020-12-29 13:12:58,2020-12-29 13:12:59,"0,711s",PASSED
"setText(findTestObject(""Object Repository/Prawidłowy plan/Page_Flight Planner - Flight Plan Database/input_kts_descentSpeed""), ""210"")",Chrome 87.0.4280.88,,,2020-12-29 13:12:59,2020-12-29 13:13:00,"0,744s",PASSED
"click(findTestObject(""Object Repository/Prawidłowy plan/Page_Flight Planner - Flight Plan Database/div_Go""))",Chrome 87.0.4280.88,,,2020-12-29 13:13:00,2020-12-29 13:13:00,"0,439s",PASSED
