Suite/Test/Step Name,Browser,Description,Tag,Start time,End time,Duration,Status
Prawidłowy,Chrome 87.0.4280.88,,,2020-12-29 13:09:50,2020-12-29 13:10:01,"11,470s",FAILED
,,,,,,,
Test Cases/Prawidłowy plan,Chrome 87.0.4280.88,Wpisanie wszystkich danych skutkuje wygenerowaniem planu lotu,,2020-12-29 13:09:50,2020-12-29 13:10:01,"10,933s",FAILED
"openBrowser("""")",Chrome 87.0.4280.88,,,2020-12-29 13:09:51,2020-12-29 13:09:58,"6,728s",PASSED
"navigateToUrl(""https://flightplandatabase.com/planner#"")",Chrome 87.0.4280.88,,,2020-12-29 13:09:58,2020-12-29 13:10:00,"2,640s",PASSED
"setText(findTestObject(""Object Repository/Prawidłowy plan/Page_Flight Planner - Flight Plan Database/input_Destination_fromICAO""), icao_wro)",Chrome 87.0.4280.88,,,2020-12-29 13:10:00,2020-12-29 13:10:01,"0,716s",FAILED
