Suite/Test/Step Name,Browser,Description,Tag,Start time,End time,Duration,Status
Nieprawidłowe dane opcjonalne,Chrome 87.0.4280.88,,,2020-12-29 15:06:25,2020-12-29 15:06:47,"21,120s",PASSED
,,,,,,,
Test Cases/Nieprawidłowe dane opcjonalne,Chrome 87.0.4280.88,"Po wpisaniu prawidłowych kodów lotniska, a złych pozostałych danych plan i tak się generuje",,2020-12-29 15:06:26,2020-12-29 15:06:47,"20,602s",PASSED
openBrowser(rawUrl = url),Chrome 87.0.4280.88,,,2020-12-29 15:06:27,2020-12-29 15:06:36,"9,433s",PASSED
"setText(findTestObject(""Object Repository/Nieprawidłowe dane opcjonalne/Page_Flight Planner - Flight Plan Database/input_Destination_fromICAO""), icao_wro)",Chrome 87.0.4280.88,Wpisanie prawidłowego kodu ICAO lotniska początkowego,,2020-12-29 15:06:36,2020-12-29 15:06:38,"1,468s",PASSED
"setText(findTestObject(""Object Repository/Nieprawidłowe dane opcjonalne/Page_Flight Planner - Flight Plan Database/input__toICAO""), icao_epwa)",Chrome 87.0.4280.88,Wpisanie prawidłowego kodu ICAO lotniska docelowego,,2020-12-29 15:06:38,2020-12-29 15:06:39,"1,665s",PASSED
"setText(findTestObject(""Object Repository/Nieprawidłowe dane opcjonalne/Page_Flight Planner - Flight Plan Database/input_ftmin_ascentRate""), ascent_rate_bad)",Chrome 87.0.4280.88,Wpisanie nieprawidłowych lub nierealnych danych,,2020-12-29 15:06:39,2020-12-29 15:06:41,"1,612s",PASSED
"setText(findTestObject(""Object Repository/Nieprawidłowe dane opcjonalne/Page_Flight Planner - Flight Plan Database/input_ft_cruiseAlt""), cruise_alt_bad)",Chrome 87.0.4280.88,Wpisanie nieprawidłowych lub nierealnych danych,,2020-12-29 15:06:41,2020-12-29 15:06:42,"0,775s",PASSED
"setText(findTestObject(""Object Repository/Nieprawidłowe dane opcjonalne/Page_Flight Planner - Flight Plan Database/input_ftmin_descentRate""), descent_rate_bad)",Chrome 87.0.4280.88,Wpisanie nieprawidłowych lub nierealnych danych,,2020-12-29 15:06:42,2020-12-29 15:06:42,"0,775s",PASSED
"setText(findTestObject(""Object Repository/Nieprawidłowe dane opcjonalne/Page_Flight Planner - Flight Plan Database/input_kts_ascentSpeed""), ascent_speed_bad)",Chrome 87.0.4280.88,Wpisanie nieprawidłowych lub nierealnych danych,,2020-12-29 15:06:42,2020-12-29 15:06:43,"0,778s",PASSED
"setText(findTestObject(""Object Repository/Nieprawidłowe dane opcjonalne/Page_Flight Planner - Flight Plan Database/input_kts_cruiseSpeed""), cruise_speed_bad)",Chrome 87.0.4280.88,Wpisanie nieprawidłowych lub nierealnych danych,,2020-12-29 15:06:43,2020-12-29 15:06:44,"0,768s",PASSED
"setText(findTestObject(""Object Repository/Nieprawidłowe dane opcjonalne/Page_Flight Planner - Flight Plan Database/input_kts_descentSpeed""), descent_speed_bad)",Chrome 87.0.4280.88,Wpisanie nieprawidłowych lub nierealnych danych,,2020-12-29 15:06:44,2020-12-29 15:06:45,"0,800s",PASSED
"click(findTestObject(""Object Repository/Nieprawidłowe dane opcjonalne/Page_Flight Planner - Flight Plan Database/div_Go""))",Chrome 87.0.4280.88,Zatwierdzenie planu lotu,,2020-12-29 15:06:45,2020-12-29 15:06:45,"0,491s",PASSED
closeBrowser(),Chrome 87.0.4280.88,Zamknięcie przeglądarki,,2020-12-29 15:06:45,2020-12-29 15:06:47,"1,293s",PASSED
