Suite/Test/Step Name,Browser,Description,Tag,Start time,End time,Duration,Status
Nieprawidłowy kod lotniska,Chrome 87.0.4280.88,,,2020-12-29 15:07:03,2020-12-29 15:07:18,"15,639s",PASSED
,,,,,,,
Test Cases/Nieprawidłowy kod lotniska,Chrome 87.0.4280.88,Wpisanie nieprawidłowego kodu lotniska skutkuje pojawieniem się błedu - plan nie zostaje wygenerowany,,2020-12-29 15:07:03,2020-12-29 15:07:18,"15,124s",PASSED
openBrowser(rawUrl = url),Chrome 87.0.4280.88,,,2020-12-29 15:07:04,2020-12-29 15:07:14,"10,223s",PASSED
"setText(findTestObject(""Object Repository/Nieprawidłowy kod lotniska/Page_Flight Planner - Flight Plan Database/input_Destination_fromICAO""), icao_wro)",Chrome 87.0.4280.88,Prawidłowy kod lotniska,,2020-12-29 15:07:14,2020-12-29 15:07:16,"1,664s",PASSED
"setText(findTestObject(""Object Repository/Nieprawidłowy kod lotniska/Page_Flight Planner - Flight Plan Database/input__toICAO""), icao_epwa_bad)",Chrome 87.0.4280.88,"nieprawidłowy kod lotniska (podanie kodu lotniska, które nieistnieje lub podanie kodu lotniska w niewłaściwym formacie)",,2020-12-29 15:07:16,2020-12-29 15:07:17,"1,326s",PASSED
"click(findTestObject(""Object Repository/Nieprawidłowy kod lotniska/Page_Flight Planner - Flight Plan Database/div_Go""))",Chrome 87.0.4280.88,Zatwierdzenie planu lotu,,2020-12-29 15:07:17,2020-12-29 15:07:18,"0,579s",PASSED
closeBrowser(),Chrome 87.0.4280.88,Zamknięcie przeglądarki,,2020-12-29 15:07:18,2020-12-29 15:07:18,"0,772s",PASSED
