Suite/Test/Step Name,Browser,Description,Tag,Start time,End time,Duration,Status
Prawidłowy,Chrome 87.0.4280.88,,,2020-12-29 13:49:40,2020-12-29 13:50:01,"20,937s",PASSED
,,,,,,,
Test Cases/Prawidłowy plan,Chrome 87.0.4280.88,Wpisanie wszystkich danych skutkuje wygenerowaniem planu lotu,,2020-12-29 13:49:41,2020-12-29 13:50:01,"20,446s",PASSED
openBrowser(rawUrl = url),Chrome 87.0.4280.88,,,2020-12-29 13:49:41,2020-12-29 13:49:51,"9,720s",PASSED
"setText(findTestObject(""Object Repository/Prawidłowy plan/Page_Flight Planner - Flight Plan Database/input_Destination_fromICAO""), icao_wro)",Chrome 87.0.4280.88,,,2020-12-29 13:49:51,2020-12-29 13:49:53,"1,714s",PASSED
"setText(findTestObject(""Object Repository/Prawidłowy plan/Page_Flight Planner - Flight Plan Database/input__toICAO""), icao_epwa)",Chrome 87.0.4280.88,,,2020-12-29 13:49:53,2020-12-29 13:49:54,"1,315s",PASSED
"setText(findTestObject(""Object Repository/Prawidłowy plan/Page_Flight Planner - Flight Plan Database/input_ftmin_ascentRate""), ascent_rate)",Chrome 87.0.4280.88,,,2020-12-29 13:49:54,2020-12-29 13:49:55,"1,388s",PASSED
"setText(findTestObject(""Object Repository/Prawidłowy plan/Page_Flight Planner - Flight Plan Database/input_ft_cruiseAlt""), cruise_alt)",Chrome 87.0.4280.88,,,2020-12-29 13:49:55,2020-12-29 13:49:56,"0,894s",PASSED
"setText(findTestObject(""Object Repository/Prawidłowy plan/Page_Flight Planner - Flight Plan Database/input_ftmin_descentRate""), descent_rate)",Chrome 87.0.4280.88,,,2020-12-29 13:49:56,2020-12-29 13:49:57,"0,727s",PASSED
"setText(findTestObject(""Object Repository/Prawidłowy plan/Page_Flight Planner - Flight Plan Database/input_kts_ascentSpeed""), ascent_speed)",Chrome 87.0.4280.88,,,2020-12-29 13:49:57,2020-12-29 13:49:58,"0,783s",PASSED
"setText(findTestObject(""Object Repository/Prawidłowy plan/Page_Flight Planner - Flight Plan Database/input_kts_cruiseSpeed""), cruise_speed)",Chrome 87.0.4280.88,,,2020-12-29 13:49:58,2020-12-29 13:49:59,"0,781s",PASSED
"setText(findTestObject(""Object Repository/Prawidłowy plan/Page_Flight Planner - Flight Plan Database/input_kts_descentSpeed""), descent_speed)",Chrome 87.0.4280.88,,,2020-12-29 13:49:59,2020-12-29 13:49:59,"0,804s",PASSED
"click(findTestObject(""Object Repository/Prawidłowy plan/Page_Flight Planner - Flight Plan Database/div_Go""))",Chrome 87.0.4280.88,,,2020-12-29 13:49:59,2020-12-29 13:50:00,"0,471s",PASSED
closeBrowser(),Chrome 87.0.4280.88,,,2020-12-29 13:50:00,2020-12-29 13:50:01,"1,217s",PASSED
