Suite/Test/Step Name,Browser,Description,Tag,Start time,End time,Duration,Status
Prawidłowy,Chrome 87.0.4280.88,,,2020-12-29 13:38:44,2020-12-29 13:39:05,"20,950s",PASSED
,,,,,,,
Test Cases/Prawidłowy plan,Chrome 87.0.4280.88,Wpisanie wszystkich danych skutkuje wygenerowaniem planu lotu,,2020-12-29 13:38:45,2020-12-29 13:39:05,"20,413s",PASSED
"openBrowser("""")",Chrome 87.0.4280.88,,,2020-12-29 13:38:45,2020-12-29 13:38:53,"7,507s",PASSED
"navigateToUrl(""https://flightplandatabase.com/planner#"")",Chrome 87.0.4280.88,,,2020-12-29 13:38:53,2020-12-29 13:38:57,"3,784s",PASSED
"setText(findTestObject(""Object Repository/Prawidłowy plan/Page_Flight Planner - Flight Plan Database/input_Destination_fromICAO""), icao_wro)",Chrome 87.0.4280.88,,,2020-12-29 13:38:57,2020-12-29 13:38:58,"1,586s",PASSED
"setText(findTestObject(""Object Repository/Prawidłowy plan/Page_Flight Planner - Flight Plan Database/input__toICAO""), icao_epwa)",Chrome 87.0.4280.88,,,2020-12-29 13:38:58,2020-12-29 13:38:59,"1,209s",PASSED
"setText(findTestObject(""Object Repository/Prawidłowy plan/Page_Flight Planner - Flight Plan Database/input_ftmin_ascentRate""), ascent_rate)",Chrome 87.0.4280.88,,,2020-12-29 13:38:59,2020-12-29 13:39:01,"1,287s",PASSED
"setText(findTestObject(""Object Repository/Prawidłowy plan/Page_Flight Planner - Flight Plan Database/input_ft_cruiseAlt""), cruise_alt)",Chrome 87.0.4280.88,,,2020-12-29 13:39:01,2020-12-29 13:39:02,"0,797s",PASSED
"setText(findTestObject(""Object Repository/Prawidłowy plan/Page_Flight Planner - Flight Plan Database/input_ftmin_descentRate""), descent_rate)",Chrome 87.0.4280.88,,,2020-12-29 13:39:02,2020-12-29 13:39:02,"0,768s",PASSED
"setText(findTestObject(""Object Repository/Prawidłowy plan/Page_Flight Planner - Flight Plan Database/input_kts_ascentSpeed""), ascent_speed)",Chrome 87.0.4280.88,,,2020-12-29 13:39:02,2020-12-29 13:39:03,"0,798s",PASSED
"setText(findTestObject(""Object Repository/Prawidłowy plan/Page_Flight Planner - Flight Plan Database/input_kts_cruiseSpeed""), cruise_speed)",Chrome 87.0.4280.88,,,2020-12-29 13:39:03,2020-12-29 13:39:04,"0,743s",PASSED
"setText(findTestObject(""Object Repository/Prawidłowy plan/Page_Flight Planner - Flight Plan Database/input_kts_descentSpeed""), descent_speed)",Chrome 87.0.4280.88,,,2020-12-29 13:39:04,2020-12-29 13:39:05,"0,771s",PASSED
"click(findTestObject(""Object Repository/Prawidłowy plan/Page_Flight Planner - Flight Plan Database/div_Go""))",Chrome 87.0.4280.88,,,2020-12-29 13:39:05,2020-12-29 13:39:05,"0,458s",PASSED
