Suite/Test/Step Name,Browser,Description,Tag,Start time,End time,Duration,Status
Prawidłowy v2,Chrome 87.0.4280.88,,,2020-12-29 15:05:48,2020-12-29 15:06:06,"18,713s",PASSED
,,,,,,,
Test Cases/Prawidłowy plan v2,Chrome 87.0.4280.88,Wpisanie tylko kodów obu lotnisk skutkuje wygenerowaniem planu lotu,,2020-12-29 15:05:48,2020-12-29 15:06:06,"18,088s",PASSED
openBrowser(rawUrl = url),Chrome 87.0.4280.88,Otwarcie stony FlightPlanner,,2020-12-29 15:05:49,2020-12-29 15:06:01,"11,737s",PASSED
"setText(findTestObject(""Object Repository/Prawidłowy plan v2/Page_Flight Planner - Flight Plan Database/input_Destination_fromICAO""), icao_wro)",Chrome 87.0.4280.88,Wpisanie prawidłowego kodu ICAO lotniska początkowego,,2020-12-29 15:06:01,2020-12-29 15:06:02,"1,611s",PASSED
"setText(findTestObject(""Object Repository/Prawidłowy plan v2/Page_Flight Planner - Flight Plan Database/input__toICAO""), icao_epwa)",Chrome 87.0.4280.88,Wpisanie prawidłowego kodu ICAO lotniska docelowego,,2020-12-29 15:06:02,2020-12-29 15:06:04,"1,724s",PASSED
"click(findTestObject(""Object Repository/Prawidłowy plan v2/Page_Flight Planner - Flight Plan Database/div_Go""))",Chrome 87.0.4280.88,Zatwierdzenie planu lotu,,2020-12-29 15:06:04,2020-12-29 15:06:05,"1,408s",PASSED
closeBrowser(),Chrome 87.0.4280.88,Zamknięcie przeglądarki,,2020-12-29 15:06:05,2020-12-29 15:06:06,"1,068s",PASSED
